user_id,user_name,senior_citizen,plan_type,location,session_count,last_login,is_active
U1000,Raymond Nichols,0,Free,Chennai,3,2025-06-21,1
U1001,Margaret James,0,Free,Bangalore,3,2025-06-21,1
U1002,David Hall,0,Premium,Mumbai,6,2025-06-21,1
U1003,Justin Davis,1,Free,Delhi,5,2025-06-21,1
U1004,Sherri Henderson,0,Free,Hyderabad,3,2025-06-21,1
U1005,Darrell Butler,0,Premium,Hyderabad,5,2025-06-21,1
U1006,Cheyenne Harrington,1,Free,Jaipur,2,2025-06-21,1
U1007,Jacob Hunter,1,Free,Bangalore,1,2025-06-21,1
U1008,Donald Chambers,1,Basic,Chennai,7,2025-06-21,1
U1009,Michelle Brewer,0,Free,Kolkata,2,2025-06-21,1
U1010,Terrence Johnson,0,Free,Pune,10,2025-06-21,1
U1011,Christian Hopkins Jr.,0,Basic,Kolkata,8,2025-06-21,1
U1012,Julian Mack,1,Free,Jaipur,6,2025-06-21,1
U1013,Mark Green,0,Basic,Mumbai,10,2025-06-21,1
U1014,Philip Nunez,1,Premium,Kolkata,3,2025-06-21,1
U1015,Cheryl Armstrong,0,Premium,Mumbai,2,2025-06-21,1
U1016,Thomas Wilson DDS,0,Premium,Hyderabad,2,2025-06-21,1
U1017,Andre Trujillo,1,Free,Hyderabad,9,2025-06-21,1
U1018,Nancy Johnson,0,Basic,Chennai,1,2025-06-21,1
U1019,David Vega,1,Premium,Kolkata,8,2025-06-21,1
U1020,Kelly Davidson,0,Basic,Kolkata,3,2025-06-21,1
U1021,Whitney Rivera,0,Premium,Chennai,1,2025-06-21,1
U1022,Joseph Dean,0,Premium,Bangalore,7,2025-06-21,1
U1023,Jordan Johnson,0,Free,Jaipur,4,2025-06-21,1
U1024,Tony Brown,1,Basic,Hyderabad,6,2025-06-21,1
U1025,Holly Romero,1,Free,Hyderabad,2,2025-06-21,1
U1026,Matthew Tran,0,Basic,Pune,2,2025-06-21,1
U1027,April Cross,1,Free,Hyderabad,1,2025-06-21,1
U1028,Jeffrey Burns,1,Free,Jaipur,9,2025-06-21,1
U1029,Kenneth Williams,1,Premium,Jaipur,0,2025-06-21,0
U1030,Russell Kidd,0,Basic,Bangalore,0,2025-06-21,0
U1031,Courtney Carter,0,Premium,Chennai,8,2025-06-21,1
U1032,Debbie Alexander,1,Premium,Pune,5,2025-06-21,1
U1033,Victoria Kelly,1,Free,Bangalore,9,2025-06-21,1
U1034,Amy Houston,1,Free,Delhi,6,2025-06-21,1
U1035,Audrey Benitez,0,Free,Bangalore,10,2025-06-21,1
U1036,Chelsea Russell,1,Premium,Mumbai,10,2025-06-21,1
U1037,Nicholas Munoz,1,Basic,Jaipur,6,2025-06-21,1
U1038,Jeremy Crawford,1,Premium,Delhi,8,2025-06-21,1
U1039,Edward Sanchez,0,Premium,Chennai,0,2025-06-21,0
U1040,Caitlin Perez,1,Free,Chennai,9,2025-06-21,1
U1041,Sydney Reeves,1,Free,Jaipur,4,2025-06-21,1
U1042,Stephanie George,0,Premium,Chennai,7,2025-06-21,1
U1043,Daniel Rosales,0,Premium,Mumbai,9,2025-06-21,1
U1044,Kristi White,1,Premium,Hyderabad,1,2025-06-21,1
U1045,Noah Gibbs,0,Basic,Bangalore,0,2025-06-21,0
U1046,Dennis Baker,0,Premium,Kolkata,7,2025-06-21,1
U1047,Jacqueline Moss,1,Free,Mumbai,5,2025-06-21,1
U1048,Monica Esparza,1,Basic,Hyderabad,9,2025-06-21,1
U1049,Regina Miller,0,Free,Mumbai,0,2025-06-21,0
U1050,Brian Fisher,0,Premium,Jaipur,1,2025-06-21,1
U1051,Lindsay Hill,0,Premium,Bangalore,0,2025-06-21,0
U1052,Deborah Burgess,0,Premium,Jaipur,5,2025-06-21,1
U1053,Austin Gardner,0,Basic,Pune,4,2025-06-21,1
U1054,Benjamin Joyce,0,Premium,Hyderabad,9,2025-06-21,1
U1055,Susan Parks,1,Basic,Kolkata,6,2025-06-21,1
U1056,Rodney Dalton,1,Premium,Jaipur,2,2025-06-21,1
U1057,Ashley Richmond,0,Free,Hyderabad,9,2025-06-21,1
U1058,John Ellis,0,Basic,Delhi,7,2025-06-21,1
U1059,Tonya Miller,0,Premium,Hyderabad,10,2025-06-21,1
U1060,Bethany Rodriguez,0,Free,Delhi,3,2025-06-21,1
U1061,Heather Ball,0,Free,Delhi,5,2025-06-21,1
U1062,Andrew Santos,1,Free,Hyderabad,7,2025-06-21,1
U1063,Nicholas Perez,1,Premium,Jaipur,6,2025-06-21,1
U1064,Tony Ramos,0,Premium,Bangalore,5,2025-06-21,1
U1065,Carol Smith,1,Free,Jaipur,4,2025-06-21,1
U1066,Jason Olson,1,Free,Mumbai,10,2025-06-21,1
U1067,Cheryl Graves,0,Premium,Pune,2,2025-06-21,1
U1068,Jessica Evans,1,Basic,Pune,8,2025-06-21,1
U1069,Stephanie Shannon,1,Premium,Delhi,2,2025-06-21,1
U1070,Emily Phillips,0,Free,Pune,4,2025-06-21,1
U1071,Connie Tran,1,Free,Hyderabad,8,2025-06-21,1
U1072,Tim Johnson,0,Free,Jaipur,2,2025-06-21,1
U1073,Harry Taylor,0,Basic,Bangalore,5,2025-06-21,1
U1074,Charles Flores,1,Basic,Hyderabad,10,2025-06-21,1
U1075,Anita Peterson,0,Basic,Mumbai,6,2025-06-21,1
U1076,Ashley Schroeder,0,Premium,Delhi,4,2025-06-21,1
U1077,Dr. Zachary Klein Jr.,0,Free,Bangalore,0,2025-06-21,0
U1078,Jimmy Chapman,1,Basic,Jaipur,1,2025-06-21,1
U1079,Rachael Wilson,0,Basic,Delhi,5,2025-06-21,1
U1080,Jessica Larson,0,Basic,Delhi,3,2025-06-21,1
U1081,Michael Jackson,1,Basic,Jaipur,7,2025-06-21,1
U1082,Michael Vega,1,Basic,Jaipur,9,2025-06-21,1
U1083,Renee Oliver,0,Free,Chennai,4,2025-06-21,1
U1084,Timothy Dixon,0,Free,Delhi,2,2025-06-21,1
U1085,Jeffrey Pope,1,Free,Delhi,3,2025-06-21,1
U1086,Christopher Vargas,1,Premium,Bangalore,1,2025-06-21,1
U1087,Dominique Patterson,0,Premium,Mumbai,4,2025-06-21,1
U1088,Devin Ferguson,0,Free,Mumbai,7,2025-06-21,1
U1089,Justin Powell,0,Basic,Mumbai,2,2025-06-21,1
U1090,Cynthia Lee,0,Premium,Delhi,5,2025-06-21,1
U1091,Timothy Diaz,0,Basic,Kolkata,0,2025-06-21,0
U1092,Noah Fuentes,1,Free,Kolkata,2,2025-06-21,1
U1093,James Carpenter,0,Basic,Pune,8,2025-06-21,1
U1094,Maria Fry,0,Premium,Chennai,2,2025-06-21,1
U1095,Eric Miller,1,Basic,Mumbai,0,2025-06-21,0
U1096,Jimmy Jones,0,Basic,Mumbai,6,2025-06-21,1
U1097,Carol Campbell,0,Premium,Hyderabad,8,2025-06-21,1
U1098,Michelle Matthews,1,Free,Kolkata,10,2025-06-21,1
U1099,Jesse Jones,0,Free,Kolkata,7,2025-06-21,1
U1100,Vanessa Gonzalez,1,Free,Jaipur,7,2025-06-21,1
U1101,Linda Ramirez,1,Premium,Delhi,3,2025-06-21,1
U1102,Donald Garcia,1,Premium,Mumbai,3,2025-06-21,1
U1103,Victoria Herrera PhD,0,Basic,Mumbai,8,2025-06-21,1
U1104,Susan Mcintosh,0,Premium,Bangalore,1,2025-06-21,1
U1105,Peter Carr,1,Basic,Hyderabad,10,2025-06-21,1
U1106,Pedro Fischer,1,Free,Chennai,5,2025-06-21,1
U1107,Kenneth Joseph,1,Basic,Delhi,9,2025-06-21,1
U1108,Jose Torres,0,Premium,Pune,2,2025-06-21,1
U1109,Sarah Prince,1,Free,Delhi,3,2025-06-21,1
U1110,Samuel Howard Jr.,1,Free,Chennai,9,2025-06-21,1
U1111,Stephanie Owen,0,Premium,Jaipur,9,2025-06-21,1
U1112,James Ross,1,Premium,Delhi,7,2025-06-21,1
U1113,Wendy Delgado,0,Free,Bangalore,6,2025-06-21,1
U1114,Savannah Khan,0,Basic,Bangalore,8,2025-06-21,1
U1115,Troy Lopez,1,Free,Delhi,10,2025-06-21,1
U1116,Dennis Richardson,1,Basic,Delhi,7,2025-06-21,1
U1117,Marcia Armstrong,1,Free,Hyderabad,1,2025-06-21,1
U1118,Sarah Miller,0,Basic,Pune,4,2025-06-21,1
U1119,Tina Freeman,0,Free,Bangalore,5,2025-06-21,1
U1120,Jonathan Bennett,0,Basic,Delhi,8,2025-06-21,1
U1121,Ray Bishop,0,Premium,Kolkata,10,2025-06-21,1
U1122,Charles Mcdaniel,1,Premium,Hyderabad,0,2025-06-21,0
U1123,Shawn Johnson,1,Free,Mumbai,0,2025-06-21,0
U1124,Alex Lloyd,1,Free,Jaipur,4,2025-06-21,1
U1125,Joseph Thomas,0,Free,Jaipur,1,2025-06-21,1
U1126,Samantha Wood,1,Basic,Hyderabad,4,2025-06-21,1
U1127,Travis Sullivan,0,Free,Hyderabad,7,2025-06-21,1
U1128,Brandon Williams,1,Basic,Chennai,3,2025-06-21,1
U1129,Mark Lane,0,Basic,Kolkata,10,2025-06-21,1
U1130,Lisa Maynard,1,Premium,Kolkata,6,2025-06-21,1
U1131,Anne Meyer,0,Free,Chennai,0,2025-06-21,0
U1132,David Mullen,0,Premium,Chennai,6,2025-06-21,1
U1133,Jodi Tucker,0,Free,Pune,0,2025-06-21,0
U1134,Heather Castro,1,Premium,Kolkata,10,2025-06-21,1
U1135,Devin Little,1,Premium,Mumbai,0,2025-06-21,0
U1136,Kristen Coleman,1,Premium,Hyderabad,8,2025-06-21,1
U1137,Jenny Sanford,1,Free,Pune,3,2025-06-21,1
U1138,Michael Wu,0,Premium,Hyderabad,2,2025-06-21,1
U1139,Frances Johnson,1,Basic,Mumbai,10,2025-06-21,1
U1140,Kathryn Rowland,1,Premium,Kolkata,9,2025-06-21,1
U1141,Jennifer Walter,0,Premium,Chennai,6,2025-06-21,1
U1142,Daniel Jensen,1,Premium,Pune,0,2025-06-21,0
U1143,Joseph Lopez,1,Basic,Chennai,3,2025-06-21,1
U1144,William Warren,0,Free,Pune,3,2025-06-21,1
U1145,Willie Watts,1,Premium,Bangalore,0,2025-06-21,0
U1146,Brooke Johnson,1,Basic,Delhi,6,2025-06-21,1
U1147,Terri Boyd,1,Basic,Hyderabad,3,2025-06-21,1
U1148,Jason Jackson,1,Premium,Kolkata,3,2025-06-21,1
U1149,Diana Stafford,1,Basic,Jaipur,9,2025-06-21,1
U1150,Tim Spencer,0,Premium,Jaipur,2,2025-06-21,1
U1151,John Stanley,0,Premium,Mumbai,7,2025-06-21,1
U1152,Pamela Khan,1,Premium,Kolkata,6,2025-06-21,1
U1153,Emma Collier,0,Free,Chennai,3,2025-06-21,1
U1154,Peter Stephens,0,Free,Bangalore,0,2025-06-21,0
U1155,Brett Stark,0,Free,Hyderabad,7,2025-06-21,1
U1156,Jennifer White,1,Premium,Mumbai,8,2025-06-21,1
U1157,James Phillips,1,Basic,Hyderabad,3,2025-06-21,1
U1158,Cindy Soto,1,Basic,Pune,9,2025-06-21,1
U1159,Amanda Foster,0,Free,Delhi,10,2025-06-21,1
U1160,Seth Holder,0,Basic,Hyderabad,4,2025-06-21,1
U1161,Sydney Reed,0,Premium,Jaipur,3,2025-06-21,1
U1162,William Martinez,0,Premium,Hyderabad,5,2025-06-21,1
U1163,Pamela Garza,0,Basic,Bangalore,1,2025-06-21,1
U1164,Robert Williams,1,Premium,Kolkata,0,2025-06-21,0
U1165,Cynthia Johnson,1,Premium,Pune,0,2025-06-21,0
U1166,Miss Natalie Wilson,1,Free,Jaipur,10,2025-06-21,1
U1167,Todd Fowler,1,Basic,Hyderabad,10,2025-06-21,1
U1168,Dennis Rios,1,Premium,Jaipur,10,2025-06-21,1
U1169,James Hale,0,Basic,Jaipur,10,2025-06-21,1
U1170,Megan Herrera,0,Premium,Chennai,8,2025-06-21,1
U1171,William Daniel,0,Basic,Kolkata,2,2025-06-21,1
U1172,Madison Ayala,1,Premium,Mumbai,6,2025-06-21,1
U1173,Gloria Graham,0,Free,Hyderabad,2,2025-06-21,1
U1174,Andrea Jones,1,Premium,Bangalore,6,2025-06-21,1
U1175,Jaclyn Rose,0,Free,Pune,5,2025-06-21,1
U1176,Darius Harris,1,Basic,Jaipur,2,2025-06-21,1
U1177,Ryan Kim,1,Free,Hyderabad,2,2025-06-21,1
U1178,Eric Mitchell,1,Basic,Delhi,1,2025-06-21,1
U1179,Joseph Gonzalez,1,Basic,Delhi,7,2025-06-21,1
U1180,David Brown,1,Basic,Pune,0,2025-06-21,0
U1181,Sophia Mitchell,1,Premium,Hyderabad,8,2025-06-21,1
U1182,Carolyn Peterson,1,Free,Chennai,6,2025-06-21,1
U1183,Jennifer Wells,1,Basic,Delhi,2,2025-06-21,1
U1184,Norma Morrison,1,Basic,Pune,10,2025-06-21,1
U1185,Nancy Ortiz,0,Basic,Bangalore,4,2025-06-21,1
U1186,Michelle Peterson,0,Basic,Delhi,2,2025-06-21,1
U1187,Erik Long,0,Premium,Pune,1,2025-06-21,1
U1188,Lawrence Torres,0,Basic,Bangalore,6,2025-06-21,1
U1189,Brett Mitchell,0,Basic,Pune,2,2025-06-21,1
U1190,Andrea Cowan,1,Free,Jaipur,3,2025-06-21,1
U1191,Veronica Johnson,1,Basic,Pune,3,2025-06-21,1
U1192,Terry English DDS,1,Basic,Chennai,9,2025-06-21,1
U1193,Robert Houston,0,Basic,Delhi,0,2025-06-21,0
U1194,Erik Johnson,0,Basic,Hyderabad,0,2025-06-21,0
U1195,Monica Martin,0,Premium,Delhi,10,2025-06-21,1
U1196,Diane Murphy,0,Free,Hyderabad,1,2025-06-21,1
U1197,James Wilson,0,Premium,Bangalore,3,2025-06-21,1
U1198,Dustin Ryan,0,Free,Jaipur,7,2025-06-21,1
U1199,Benjamin Snyder,0,Premium,Hyderabad,2,2025-06-21,1
U1200,Jacqueline Savage,1,Premium,Chennai,4,2025-06-21,1
U1201,Brandon Mason,1,Free,Mumbai,9,2025-06-21,1
U1202,Johnny Williams,0,Basic,Mumbai,9,2025-06-21,1
U1203,Daniel Kelly,0,Basic,Pune,5,2025-06-21,1
U1204,Krystal Hill,1,Premium,Hyderabad,2,2025-06-21,1
U1205,Henry Chang DDS,0,Premium,Hyderabad,10,2025-06-21,1
U1206,Morgan Clark,0,Premium,Chennai,8,2025-06-21,1
U1207,Michelle Petersen,0,Premium,Delhi,6,2025-06-21,1
U1208,Tina Velez,1,Premium,Pune,2,2025-06-21,1
U1209,Erik Brooks,1,Free,Kolkata,10,2025-06-21,1
U1210,Julie Gallagher,0,Basic,Jaipur,2,2025-06-21,1
U1211,Stephen Dalton,0,Basic,Kolkata,3,2025-06-21,1
U1212,Patricia Rodriguez,1,Premium,Bangalore,2,2025-06-21,1
U1213,Mark Jensen,1,Free,Chennai,2,2025-06-21,1
U1214,Jessica Jackson,1,Basic,Pune,7,2025-06-21,1
U1215,Michelle Everett,1,Basic,Hyderabad,5,2025-06-21,1
U1216,Madeline Elliott,0,Basic,Jaipur,9,2025-06-21,1
U1217,Mary Acevedo,0,Basic,Pune,6,2025-06-21,1
U1218,Daniel Black,1,Free,Jaipur,6,2025-06-21,1
U1219,Kerri Glass,1,Free,Jaipur,1,2025-06-21,1
U1220,Mrs. Wanda Avila,0,Basic,Chennai,8,2025-06-21,1
U1221,Brian Delgado,1,Basic,Chennai,5,2025-06-21,1
U1222,Jonathon Russell,0,Premium,Hyderabad,3,2025-06-21,1
U1223,Erica Alvarado,0,Free,Pune,2,2025-06-21,1
U1224,Austin Foster,1,Premium,Hyderabad,6,2025-06-21,1
U1225,Robert Novak,1,Premium,Jaipur,7,2025-06-21,1
U1226,Calvin Ashley,1,Free,Mumbai,0,2025-06-21,0
U1227,Matthew Barnes,1,Free,Pune,9,2025-06-21,1
U1228,Rebecca Brown,0,Basic,Kolkata,7,2025-06-21,1
U1229,William Miller,1,Premium,Kolkata,7,2025-06-21,1
U1230,Teresa Reed,1,Premium,Kolkata,0,2025-06-21,0
U1231,John Vaughan,1,Premium,Jaipur,8,2025-06-21,1
U1232,Joseph Le,1,Basic,Chennai,4,2025-06-21,1
U1233,Emily Allen,0,Free,Hyderabad,2,2025-06-21,1
U1234,Megan White,1,Free,Bangalore,1,2025-06-21,1
U1235,Steven George,0,Free,Jaipur,9,2025-06-21,1
U1236,Christina Henderson,1,Premium,Chennai,10,2025-06-21,1
U1237,Derrick Smith,0,Free,Chennai,8,2025-06-21,1
U1238,Paula Williams,0,Basic,Bangalore,3,2025-06-21,1
U1239,Tony Everett,1,Free,Bangalore,0,2025-06-21,0
U1240,Sarah Chapman,1,Free,Delhi,3,2025-06-21,1
U1241,Lance Montgomery,1,Premium,Bangalore,2,2025-06-21,1
U1242,Jeffrey Ball,1,Free,Delhi,0,2025-06-21,0
U1243,Deanna Osborn,1,Basic,Jaipur,3,2025-06-21,1
U1244,Douglas Jensen,1,Basic,Bangalore,5,2025-06-21,1
U1245,Michael Scott,0,Basic,Jaipur,2,2025-06-21,1
U1246,Catherine Nunez,0,Free,Pune,9,2025-06-21,1
U1247,Megan Barnes,1,Free,Delhi,6,2025-06-21,1
U1248,Kathryn Lee,0,Free,Chennai,9,2025-06-21,1
U1249,Eric Lopez,0,Free,Mumbai,1,2025-06-21,1
U1250,Patricia Ward,1,Premium,Hyderabad,10,2025-06-21,1
U1251,Larry Miranda,1,Basic,Jaipur,7,2025-06-21,1
U1252,Tracy Miller,1,Premium,Pune,3,2025-06-21,1
U1253,Joseph Silva,1,Premium,Delhi,10,2025-06-21,1
U1254,Lori Jacobson,0,Free,Hyderabad,2,2025-06-21,1
U1255,Russell Johnson,1,Premium,Mumbai,0,2025-06-21,0
U1256,Melissa Jackson,0,Free,Bangalore,2,2025-06-21,1
U1257,Lisa Thomas,0,Free,Delhi,9,2025-06-21,1
U1258,Ashley Baker,1,Basic,Jaipur,7,2025-06-21,1
U1259,Elizabeth Cross,1,Free,Hyderabad,8,2025-06-21,1
U1260,Cindy Williams,1,Premium,Chennai,8,2025-06-21,1
U1261,Katrina Jensen MD,1,Free,Hyderabad,5,2025-06-21,1
U1262,Patrick Hogan,1,Premium,Hyderabad,10,2025-06-21,1
U1263,Mitchell Martinez,1,Free,Hyderabad,7,2025-06-21,1
U1264,Sarah Oconnell,0,Basic,Bangalore,6,2025-06-21,1
U1265,Ms. Cathy James,0,Free,Bangalore,1,2025-06-21,1
U1266,Emily Roberts,1,Premium,Chennai,5,2025-06-21,1
U1267,Miss Shelly Marks,1,Free,Jaipur,1,2025-06-21,1
U1268,Jennifer Garner,1,Premium,Pune,5,2025-06-21,1
U1269,Crystal Kelly,1,Premium,Jaipur,8,2025-06-21,1
U1270,Michael Robinson,1,Free,Delhi,2,2025-06-21,1
U1271,Michelle Yu,1,Premium,Kolkata,0,2025-06-21,0
U1272,Corey Johnson,1,Free,Mumbai,5,2025-06-21,1
U1273,Judy Lester,0,Premium,Delhi,0,2025-06-21,0
U1274,Joshua Choi MD,1,Premium,Delhi,6,2025-06-21,1
U1275,Christian Sharp,0,Basic,Jaipur,7,2025-06-21,1
U1276,Elizabeth Buck,1,Free,Pune,2,2025-06-21,1
U1277,Amanda Matthews,1,Free,Jaipur,4,2025-06-21,1
U1278,Kelli Dunlap,1,Basic,Kolkata,0,2025-06-21,0
U1279,Laura Walker,1,Premium,Mumbai,8,2025-06-21,1
U1280,Barbara Graham,0,Basic,Pune,6,2025-06-21,1
U1281,Dana Ramirez,1,Basic,Pune,9,2025-06-21,1
U1282,Christine Hill,0,Basic,Mumbai,2,2025-06-21,1
U1283,Susan Johnson,1,Basic,Kolkata,9,2025-06-21,1
U1284,Larry Sosa,0,Basic,Delhi,9,2025-06-21,1
U1285,Jon Thomas,1,Basic,Delhi,1,2025-06-21,1
U1286,Samantha Summers,0,Premium,Kolkata,4,2025-06-21,1
U1287,Mackenzie Franco,1,Premium,Jaipur,4,2025-06-21,1
U1288,Julia Freeman,0,Free,Chennai,1,2025-06-21,1
U1289,Linda Gardner,0,Basic,Jaipur,0,2025-06-21,0
U1290,Aaron Ellis,1,Free,Delhi,5,2025-06-21,1
U1291,Melinda Hardin MD,0,Premium,Bangalore,8,2025-06-21,1
U1292,Robert Martin,1,Premium,Delhi,2,2025-06-21,1
U1293,Jeffrey Taylor,1,Free,Hyderabad,4,2025-06-21,1
U1294,Oscar Giles,0,Basic,Mumbai,10,2025-06-21,1
U1295,Keith Smith,0,Basic,Chennai,8,2025-06-21,1
U1296,Andrew Burke,1,Basic,Jaipur,6,2025-06-21,1
U1297,Steven Perez,1,Free,Jaipur,5,2025-06-21,1
U1298,Timothy Marshall,0,Basic,Hyderabad,2,2025-06-21,1
U1299,Daniel Sanders,0,Free,Chennai,7,2025-06-21,1
U1300,Barbara Branch,1,Basic,Chennai,10,2025-06-21,1
U1301,Kelly Martinez,0,Basic,Chennai,4,2025-06-21,1
U1302,Matthew Fisher,1,Free,Jaipur,4,2025-06-21,1
U1303,Jessica Jackson,1,Basic,Kolkata,5,2025-06-21,1
U1304,Shannon Matthews,1,Basic,Kolkata,9,2025-06-21,1
U1305,Albert Gutierrez,0,Premium,Hyderabad,1,2025-06-21,1
U1306,Sandra Reid,1,Free,Pune,3,2025-06-21,1
U1307,Ashley Nguyen,0,Basic,Jaipur,10,2025-06-21,1
U1308,Katherine Maxwell,1,Basic,Bangalore,4,2025-06-21,1
U1309,Bryan Christian,1,Free,Bangalore,5,2025-06-21,1
U1310,Tammie Collins,1,Free,Jaipur,5,2025-06-21,1
U1311,Alyssa Sullivan,0,Premium,Jaipur,7,2025-06-21,1
U1312,Paul Shaw,0,Premium,Bangalore,8,2025-06-21,1
U1313,Rebekah Mendez,1,Premium,Bangalore,8,2025-06-21,1
U1314,Beth Wilson,0,Basic,Chennai,9,2025-06-21,1
U1315,Henry Wilson,1,Premium,Pune,7,2025-06-21,1
U1316,Frederick Martin,0,Basic,Pune,1,2025-06-21,1
U1317,Aaron Williams,1,Premium,Jaipur,6,2025-06-21,1
U1318,Patricia Morris,0,Premium,Mumbai,10,2025-06-21,1
U1319,Ryan Rivas,0,Premium,Chennai,5,2025-06-21,1
U1320,Jill Graham,0,Premium,Mumbai,8,2025-06-21,1
U1321,Tiffany Williams,1,Free,Mumbai,5,2025-06-21,1
U1322,Jordan Mosley,1,Free,Chennai,5,2025-06-21,1
U1323,Justin Ross,0,Free,Kolkata,5,2025-06-21,1
U1324,Tiffany Wilkinson,0,Basic,Kolkata,9,2025-06-21,1
U1325,Terry Garner,1,Basic,Bangalore,1,2025-06-21,1
U1326,Scott Spencer,0,Premium,Pune,10,2025-06-21,1
U1327,Emily Hoffman,0,Free,Bangalore,6,2025-06-21,1
U1328,Diana Contreras,0,Premium,Pune,1,2025-06-21,1
U1329,Luis George,0,Basic,Bangalore,5,2025-06-21,1
U1330,Cody Evans,0,Basic,Chennai,7,2025-06-21,1
U1331,Lonnie Barber,1,Basic,Delhi,1,2025-06-21,1
U1332,Lisa Brown,1,Basic,Bangalore,10,2025-06-21,1
U1333,Yvonne Schneider,0,Basic,Kolkata,6,2025-06-21,1
U1334,Joseph Adams,1,Premium,Pune,4,2025-06-21,1
U1335,Todd Hall,1,Basic,Chennai,8,2025-06-21,1
U1336,Pedro Hess,0,Basic,Jaipur,0,2025-06-21,0
U1337,Mrs. Shannon Carrillo,0,Free,Pune,9,2025-06-21,1
U1338,Whitney Mccormick,1,Premium,Chennai,3,2025-06-21,1
U1339,Nicole Davis,1,Free,Pune,9,2025-06-21,1
U1340,Thomas Miller,1,Free,Delhi,2,2025-06-21,1
U1341,Mark Baker,1,Basic,Hyderabad,5,2025-06-21,1
U1342,Andrew Hunter,1,Free,Hyderabad,9,2025-06-21,1
U1343,Aaron Williams,1,Premium,Bangalore,3,2025-06-21,1
U1344,Nicholas Morrison,0,Premium,Delhi,0,2025-06-21,0
U1345,Melanie Smith,1,Basic,Delhi,2,2025-06-21,1
U1346,Kevin Ferrell,1,Premium,Bangalore,4,2025-06-21,1
U1347,Lindsay Walters,0,Basic,Kolkata,5,2025-06-21,1
U1348,Sarah Bailey,1,Free,Hyderabad,6,2025-06-21,1
U1349,Glenda Guerrero,0,Premium,Kolkata,10,2025-06-21,1
U1350,Andrew Rubio,1,Free,Chennai,2,2025-06-21,1
U1351,Pamela Richards,1,Basic,Kolkata,10,2025-06-21,1
U1352,Sara Campbell,0,Basic,Mumbai,10,2025-06-21,1
U1353,Isabella Rich,0,Free,Pune,4,2025-06-21,1
U1354,Karen Gutierrez,1,Free,Pune,7,2025-06-21,1
U1355,Sara Glass,0,Basic,Mumbai,7,2025-06-21,1
U1356,Nicole Shepherd,1,Basic,Chennai,3,2025-06-21,1
U1357,Melinda Vargas,1,Premium,Kolkata,4,2025-06-21,1
U1358,Steven Ali,0,Premium,Hyderabad,10,2025-06-21,1
U1359,Chelsey Rivera,1,Free,Kolkata,8,2025-06-21,1
U1360,Casey Poole,0,Premium,Mumbai,3,2025-06-21,1
U1361,Raymond Morales,1,Premium,Chennai,8,2025-06-21,1
U1362,Billy Hernandez,1,Free,Bangalore,3,2025-06-21,1
U1363,Cynthia Payne,0,Free,Chennai,1,2025-06-21,1
U1364,Brenda Wells,1,Free,Mumbai,5,2025-06-21,1
U1365,Leonard Wilson,0,Premium,Bangalore,3,2025-06-21,1
U1366,Kimberly Harrison,1,Basic,Kolkata,3,2025-06-21,1
U1367,Michael Guerra,1,Premium,Bangalore,2,2025-06-21,1
U1368,Scott Price,1,Premium,Mumbai,7,2025-06-21,1
U1369,Tabitha West,1,Premium,Pune,7,2025-06-21,1
U1370,Sheila Brooks,1,Free,Kolkata,8,2025-06-21,1
U1371,Sabrina Goodman,0,Basic,Jaipur,1,2025-06-21,1
U1372,Jenna Torres,0,Basic,Mumbai,6,2025-06-21,1
U1373,Matthew Hawkins,1,Premium,Kolkata,0,2025-06-21,0
U1374,Heidi Howell,0,Basic,Chennai,9,2025-06-21,1
U1375,Tara Turner,0,Free,Jaipur,1,2025-06-21,1
U1376,Emily Smith,0,Premium,Hyderabad,4,2025-06-21,1
U1377,Tiffany Richardson,0,Free,Kolkata,6,2025-06-21,1
U1378,Breanna Morgan,0,Free,Hyderabad,2,2025-06-21,1
U1379,Deborah Barajas,0,Premium,Hyderabad,10,2025-06-21,1
U1380,Dr. Nicole Garza,0,Free,Kolkata,2,2025-06-21,1
U1381,Michael Sparks,0,Premium,Delhi,5,2025-06-21,1
U1382,Leah Townsend,1,Free,Bangalore,0,2025-06-21,0
U1383,Jeffrey Thompson,1,Free,Mumbai,9,2025-06-21,1
U1384,Jeffrey Foster,0,Free,Delhi,6,2025-06-21,1
U1385,Robert Nichols,1,Free,Kolkata,3,2025-06-21,1
U1386,Scott Jones,0,Free,Chennai,8,2025-06-21,1
U1387,Brooke Lopez,0,Free,Pune,4,2025-06-21,1
U1388,Martha Mcdaniel,0,Premium,Mumbai,7,2025-06-21,1
U1389,Lacey Key,1,Basic,Kolkata,4,2025-06-21,1
U1390,Heather Brown,0,Basic,Hyderabad,3,2025-06-21,1
U1391,Cody Jones,0,Premium,Chennai,1,2025-06-21,1
U1392,Sarah Hughes,1,Premium,Delhi,3,2025-06-21,1
U1393,Michael Anthony,0,Basic,Pune,1,2025-06-21,1
U1394,Sharon Hodges,1,Premium,Mumbai,5,2025-06-21,1
U1395,Amanda Mayer,1,Premium,Jaipur,10,2025-06-21,1
U1396,Amanda Whitehead,0,Free,Kolkata,1,2025-06-21,1
U1397,Laura Powell,0,Free,Bangalore,1,2025-06-21,1
U1398,Ana Hines,1,Premium,Kolkata,2,2025-06-21,1
U1399,Mary Ramirez,1,Premium,Chennai,7,2025-06-21,1
U1400,Joseph Ramirez,1,Premium,Pune,5,2025-06-21,1
U1401,Joseph Weber,0,Premium,Mumbai,3,2025-06-21,1
U1402,Carol Jackson,0,Basic,Jaipur,1,2025-06-21,1
U1403,Kristen Patel,0,Basic,Kolkata,2,2025-06-21,1
U1404,Rodney Cuevas,1,Basic,Pune,5,2025-06-21,1
U1405,Preston Reyes,0,Basic,Pune,3,2025-06-21,1
U1406,Sherri Wood,1,Premium,Chennai,2,2025-06-21,1
U1407,Shannon Stone,1,Free,Jaipur,10,2025-06-21,1
U1408,Joshua Page,0,Free,Mumbai,2,2025-06-21,1
U1409,Cody Shea,0,Basic,Mumbai,8,2025-06-21,1
U1410,Sarah Contreras,1,Free,Delhi,4,2025-06-21,1
U1411,Claudia Barron,1,Premium,Mumbai,9,2025-06-21,1
U1412,Stephanie Vega DDS,1,Basic,Pune,0,2025-06-21,0
U1413,Joshua Olson,0,Basic,Chennai,7,2025-06-21,1
U1414,Jacob Williams,1,Free,Hyderabad,1,2025-06-21,1
U1415,Mrs. Hailey Black,0,Premium,Jaipur,4,2025-06-21,1
U1416,Alan Burch,0,Free,Kolkata,8,2025-06-21,1
U1417,James Combs,1,Free,Chennai,1,2025-06-21,1
U1418,Danielle Mcmillan,0,Basic,Delhi,2,2025-06-21,1
U1419,Justin Peters,1,Free,Bangalore,0,2025-06-21,0
U1420,Frederick Hill,1,Premium,Chennai,8,2025-06-21,1
U1421,Cole Smith,1,Basic,Delhi,2,2025-06-21,1
U1422,Kenneth Garcia,0,Free,Pune,2,2025-06-21,1
U1423,Veronica Flores,0,Free,Delhi,2,2025-06-21,1
U1424,Angela Perez,0,Premium,Hyderabad,0,2025-06-21,0
U1425,Phillip Martinez,1,Basic,Jaipur,8,2025-06-21,1
U1426,Brittney Thomas,1,Free,Kolkata,0,2025-06-21,0
U1427,Christopher Flynn,1,Premium,Kolkata,8,2025-06-21,1
U1428,Debra Walker,0,Free,Bangalore,3,2025-06-21,1
U1429,Diane Poole,0,Premium,Delhi,5,2025-06-21,1
U1430,Kayla Castillo,0,Basic,Jaipur,6,2025-06-21,1
U1431,Joshua Baker,1,Basic,Jaipur,2,2025-06-21,1
U1432,Michael Abbott,1,Basic,Hyderabad,1,2025-06-21,1
U1433,James Aguirre,0,Basic,Pune,3,2025-06-21,1
U1434,Kimberly Dunlap,0,Basic,Jaipur,3,2025-06-21,1
U1435,Matthew Dean,1,Free,Hyderabad,8,2025-06-21,1
U1436,Christine Phillips,1,Premium,Delhi,0,2025-06-21,0
U1437,Todd Fowler,0,Free,Chennai,2,2025-06-21,1
U1438,Devin Schmidt,0,Free,Chennai,6,2025-06-21,1
U1439,Dr. Rebecca Davis,1,Basic,Mumbai,7,2025-06-21,1
U1440,Katie Underwood,0,Basic,Pune,8,2025-06-21,1
U1441,Joseph Collins,0,Free,Pune,7,2025-06-21,1
U1442,Eric Moss,0,Premium,Kolkata,8,2025-06-21,1
U1443,Henry Lee,0,Basic,Delhi,3,2025-06-21,1
U1444,Thomas Wright,1,Free,Jaipur,1,2025-06-21,1
U1445,Brittney Dean,0,Basic,Pune,0,2025-06-21,0
U1446,Sarah Morrison,1,Premium,Pune,2,2025-06-21,1
U1447,Rebecca Price,1,Free,Pune,10,2025-06-21,1
U1448,Russell Berger,0,Basic,Bangalore,10,2025-06-21,1
U1449,Rhonda Collier,1,Premium,Kolkata,3,2025-06-21,1
U1450,Jesse Moore,0,Basic,Mumbai,6,2025-06-21,1
U1451,Hannah Sanchez,0,Basic,Pune,3,2025-06-21,1
U1452,Leah Chan,0,Basic,Chennai,8,2025-06-21,1
U1453,Katherine Mercer,1,Free,Kolkata,7,2025-06-21,1
U1454,Kaylee Allen,0,Free,Mumbai,2,2025-06-21,1
U1455,Jeffrey Thompson,0,Basic,Kolkata,6,2025-06-21,1
U1456,John Grimes,0,Free,Mumbai,9,2025-06-21,1
U1457,Christopher Harper,0,Basic,Hyderabad,10,2025-06-21,1
U1458,Denise Ellis,0,Premium,Bangalore,4,2025-06-21,1
U1459,Emily Patterson,0,Free,Jaipur,0,2025-06-21,0
U1460,Isaac Vargas,1,Premium,Jaipur,6,2025-06-21,1
U1461,Austin Vazquez,1,Premium,Kolkata,10,2025-06-21,1
U1462,Jose Page,0,Basic,Mumbai,4,2025-06-21,1
U1463,Stefanie Barrera,1,Basic,Chennai,7,2025-06-21,1
U1464,Shannon Ruiz,1,Premium,Delhi,9,2025-06-21,1
U1465,David Hoover,1,Premium,Mumbai,10,2025-06-21,1
U1466,Adam Rose,1,Basic,Jaipur,3,2025-06-21,1
U1467,Anthony Davis,0,Free,Kolkata,8,2025-06-21,1
U1468,Tiffany Owens,1,Free,Mumbai,3,2025-06-21,1
U1469,Brenda Griffin,1,Basic,Delhi,8,2025-06-21,1
U1470,Tony Walker,1,Premium,Hyderabad,6,2025-06-21,1
U1471,Gina Weber,1,Premium,Jaipur,0,2025-06-21,0
U1472,Mark Lewis,0,Free,Jaipur,4,2025-06-21,1
U1473,Lynn Mcclain,0,Basic,Mumbai,7,2025-06-21,1
U1474,James Jenkins,0,Free,Hyderabad,4,2025-06-21,1
U1475,Tammy Thomas,1,Basic,Bangalore,8,2025-06-21,1
U1476,Robert Gentry,1,Basic,Chennai,8,2025-06-21,1
U1477,Christopher Davis,1,Basic,Kolkata,8,2025-06-21,1
U1478,Jodi Rodgers,0,Premium,Kolkata,2,2025-06-21,1
U1479,Brenda Larson,0,Basic,Mumbai,0,2025-06-21,0
U1480,Edwin Long,1,Basic,Chennai,1,2025-06-21,1
U1481,Krista Hayes,0,Basic,Mumbai,7,2025-06-21,1
U1482,Michael Bennett,0,Basic,Chennai,9,2025-06-21,1
U1483,Erin Eaton,1,Free,Mumbai,2,2025-06-21,1
U1484,Michael Weeks,1,Premium,Pune,10,2025-06-21,1
U1485,Gerald Hooper,1,Free,Mumbai,9,2025-06-21,1
U1486,Jennifer Wilson,1,Premium,Kolkata,8,2025-06-21,1
U1487,Michael Kelly,0,Basic,Chennai,0,2025-06-21,0
U1488,Katrina Hamilton,0,Free,Kolkata,1,2025-06-21,1
U1489,Daniel Bradshaw,1,Free,Hyderabad,8,2025-06-21,1
U1490,Jennifer Bolton,0,Free,Mumbai,10,2025-06-21,1
U1491,Ronnie Shelton,1,Free,Delhi,6,2025-06-21,1
U1492,Jacob Mccann,1,Premium,Bangalore,2,2025-06-21,1
U1493,Steve Lopez,1,Free,Bangalore,4,2025-06-21,1
U1494,Diana Hernandez,0,Premium,Bangalore,6,2025-06-21,1
U1495,Miss Jodi Chavez DDS,1,Free,Pune,5,2025-06-21,1
U1496,James Ellis,1,Premium,Hyderabad,6,2025-06-21,1
U1497,Timothy Wells,1,Premium,Chennai,1,2025-06-21,1
U1498,Dawn Holland,1,Free,Hyderabad,8,2025-06-21,1
U1499,Paul Hicks,1,Basic,Hyderabad,7,2025-06-21,1
U1500,Jordan Robertson,1,Premium,Jaipur,10,2025-06-21,1
U1501,Eric Ferguson,1,Basic,Pune,2,2025-06-21,1
U1502,Jessica Hammond,1,Free,Hyderabad,0,2025-06-21,0
U1503,Kimberly Smith,0,Basic,Delhi,8,2025-06-21,1
U1504,Michael Gay,1,Basic,Mumbai,4,2025-06-21,1
U1505,Lauren Moore PhD,0,Basic,Mumbai,2,2025-06-21,1
U1506,Jeffrey Hughes,0,Basic,Jaipur,1,2025-06-21,1
U1507,Courtney Williamson,0,Basic,Mumbai,0,2025-06-21,0
U1508,Justin Ramirez,0,Basic,Kolkata,10,2025-06-21,1
U1509,Heather Robinson,0,Basic,Delhi,8,2025-06-21,1
U1510,Martin West,1,Premium,Kolkata,10,2025-06-21,1
U1511,Jonathan Stone DDS,0,Basic,Mumbai,0,2025-06-21,0
U1512,Jessica Fuller,1,Free,Delhi,8,2025-06-21,1
U1513,David Garrison,1,Free,Kolkata,1,2025-06-21,1
U1514,Taylor Wilson,0,Free,Delhi,7,2025-06-21,1
U1515,David Brown,1,Basic,Bangalore,8,2025-06-21,1
U1516,Stephanie Garcia,1,Basic,Delhi,0,2025-06-21,0
U1517,Curtis Davies,0,Free,Chennai,3,2025-06-21,1
U1518,Crystal Kirby,0,Free,Pune,3,2025-06-21,1
U1519,Anthony Martinez,0,Basic,Hyderabad,3,2025-06-21,1
U1520,Jessica Mccullough,1,Free,Delhi,10,2025-06-21,1
U1521,Joanne Young,0,Basic,Jaipur,6,2025-06-21,1
U1522,Vicki Medina,0,Free,Jaipur,7,2025-06-21,1
U1523,Joseph West,0,Premium,Hyderabad,10,2025-06-21,1
U1524,Barbara Holmes,0,Basic,Pune,0,2025-06-21,0
U1525,Jason Chavez,0,Premium,Kolkata,5,2025-06-21,1
U1526,Luke Carter,0,Premium,Pune,6,2025-06-21,1
U1527,Thomas Bullock,0,Premium,Mumbai,0,2025-06-21,0
U1528,Cheyenne Wagner,1,Free,Delhi,3,2025-06-21,1
U1529,Vanessa Long,1,Basic,Delhi,10,2025-06-21,1
U1530,Kelli Ray,1,Basic,Chennai,9,2025-06-21,1
U1531,Michael Bishop,0,Basic,Mumbai,9,2025-06-21,1
U1532,Lindsay Wolf,1,Free,Mumbai,9,2025-06-21,1
U1533,Nancy Hickman,1,Free,Delhi,4,2025-06-21,1
U1534,Gloria Daniels,1,Premium,Kolkata,5,2025-06-21,1
U1535,Michele Hamilton,0,Premium,Jaipur,3,2025-06-21,1
U1536,Kimberly Long,1,Premium,Bangalore,0,2025-06-21,0
U1537,Krista Walker,0,Free,Jaipur,3,2025-06-21,1
U1538,Loretta Johnson,0,Basic,Hyderabad,6,2025-06-21,1
U1539,Jennifer Shields,0,Free,Delhi,6,2025-06-21,1
U1540,Sherri Walker,1,Basic,Pune,10,2025-06-21,1
U1541,Christopher Weeks,1,Basic,Delhi,7,2025-06-21,1
U1542,Sandra Gomez,0,Basic,Kolkata,9,2025-06-21,1
U1543,Brittney Burton,0,Premium,Kolkata,7,2025-06-21,1
U1544,Evan Medina,1,Free,Kolkata,9,2025-06-21,1
U1545,Todd Carter,1,Basic,Jaipur,7,2025-06-21,1
U1546,John Mercado,1,Basic,Bangalore,1,2025-06-21,1
U1547,Steven Flores,1,Premium,Jaipur,3,2025-06-21,1
U1548,Tanner Collins,1,Premium,Chennai,0,2025-06-21,0
U1549,Amanda Hoffman,0,Premium,Pune,3,2025-06-21,1
U1550,Eric Jones,0,Basic,Bangalore,5,2025-06-21,1
U1551,Christina Perez,1,Basic,Mumbai,9,2025-06-21,1
U1552,Sharon Stewart,0,Basic,Chennai,8,2025-06-21,1
U1553,Melissa Miller,1,Basic,Pune,9,2025-06-21,1
U1554,Amanda Strickland,0,Premium,Jaipur,9,2025-06-21,1
U1555,Lauren West,1,Basic,Delhi,9,2025-06-21,1
U1556,Jennifer Smith,1,Premium,Pune,5,2025-06-21,1
U1557,Heather Galvan,1,Premium,Delhi,1,2025-06-21,1
U1558,Amy Collins,0,Premium,Pune,0,2025-06-21,0
U1559,Daniel Kane,1,Premium,Bangalore,6,2025-06-21,1
U1560,Stephen Smith,0,Free,Jaipur,0,2025-06-21,0
U1561,Alicia Brooks,0,Free,Mumbai,5,2025-06-21,1
U1562,Eddie Alvarez,0,Premium,Kolkata,8,2025-06-21,1
U1563,Ryan Craig,1,Basic,Delhi,6,2025-06-21,1
U1564,Bradley Alexander,0,Premium,Jaipur,9,2025-06-21,1
U1565,Katherine King,1,Basic,Jaipur,4,2025-06-21,1
U1566,Matthew Campbell,0,Premium,Bangalore,4,2025-06-21,1
U1567,Dennis Anderson,1,Basic,Kolkata,3,2025-06-21,1
U1568,Thomas Matthews,1,Free,Mumbai,0,2025-06-21,0
U1569,Katrina Flores,0,Premium,Bangalore,3,2025-06-21,1
U1570,Christopher Jones,1,Premium,Pune,2,2025-06-21,1
U1571,Autumn Meyer,0,Basic,Chennai,7,2025-06-21,1
U1572,Anne Johnson,1,Free,Chennai,5,2025-06-21,1
U1573,Jillian Woods,1,Free,Mumbai,10,2025-06-21,1
U1574,Ariana Hooper,0,Free,Jaipur,1,2025-06-21,1
U1575,Larry Lewis,0,Premium,Jaipur,3,2025-06-21,1
U1576,James Bates,0,Premium,Kolkata,6,2025-06-21,1
U1577,Haley Ortiz,1,Premium,Mumbai,10,2025-06-21,1
U1578,Holly Clark,1,Basic,Bangalore,5,2025-06-21,1
U1579,Alan Paul,0,Basic,Hyderabad,10,2025-06-21,1
U1580,Mr. Joel Norman,0,Free,Bangalore,2,2025-06-21,1
U1581,Angel Collier,0,Basic,Delhi,6,2025-06-21,1
U1582,Angel Mcknight,1,Premium,Kolkata,3,2025-06-21,1
U1583,Daniel Herman,1,Premium,Bangalore,9,2025-06-21,1
U1584,Eric Armstrong,0,Free,Chennai,9,2025-06-21,1
U1585,Darren Hernandez,1,Premium,Jaipur,2,2025-06-21,1
U1586,Russell Hall,1,Basic,Mumbai,4,2025-06-21,1
U1587,Holly White,0,Basic,Mumbai,6,2025-06-21,1
U1588,Peter Ramirez,1,Basic,Kolkata,4,2025-06-21,1
U1589,John Henry,0,Premium,Bangalore,0,2025-06-21,0
U1590,Daniel Walsh,0,Basic,Delhi,8,2025-06-21,1
U1591,Chase Anderson,0,Premium,Bangalore,0,2025-06-21,0
U1592,Jason Morris MD,1,Free,Bangalore,1,2025-06-21,1
U1593,Pamela Good,1,Premium,Hyderabad,6,2025-06-21,1
U1594,Heather Green,1,Premium,Chennai,10,2025-06-21,1
U1595,Brianna Gonzalez,0,Basic,Hyderabad,0,2025-06-21,0
U1596,Michelle Davis,1,Free,Chennai,1,2025-06-21,1
U1597,David Lynch,0,Premium,Bangalore,6,2025-06-21,1
U1598,Elizabeth Velasquez,0,Free,Kolkata,2,2025-06-21,1
U1599,Bridget Mason,0,Free,Mumbai,9,2025-06-21,1
U1600,Dean Calderon,0,Premium,Chennai,1,2025-06-21,1
U1601,Robyn Rodriguez,0,Premium,Pune,0,2025-06-21,0
U1602,Ronald Padilla,0,Basic,Chennai,6,2025-06-21,1
U1603,Olivia Roberson,1,Basic,Hyderabad,9,2025-06-21,1
U1604,Victor Davis,1,Basic,Jaipur,1,2025-06-21,1
U1605,Teresa Fernandez,0,Premium,Delhi,4,2025-06-21,1
U1606,Joel Johnson,0,Basic,Pune,2,2025-06-21,1
U1607,Angel Levy,1,Basic,Hyderabad,0,2025-06-21,0
U1608,Jared Smith,1,Premium,Bangalore,9,2025-06-21,1
U1609,Richard Fisher,1,Premium,Kolkata,2,2025-06-21,1
U1610,Kristin Peterson,1,Basic,Bangalore,4,2025-06-21,1
U1611,Angela Moore,1,Premium,Mumbai,7,2025-06-21,1
U1612,Jessica White,1,Free,Jaipur,4,2025-06-21,1
U1613,Joel Rodriguez,0,Basic,Jaipur,7,2025-06-21,1
U1614,Todd Gomez,0,Free,Mumbai,2,2025-06-21,1
U1615,Rhonda Johnson,0,Basic,Pune,3,2025-06-21,1
U1616,Patricia House,1,Free,Bangalore,6,2025-06-21,1
U1617,John Gonzalez,1,Premium,Kolkata,2,2025-06-21,1
U1618,Angela Baker,0,Free,Jaipur,5,2025-06-21,1
U1619,Melinda Kim,1,Basic,Chennai,10,2025-06-21,1
U1620,Christine Choi,1,Free,Mumbai,5,2025-06-21,1
U1621,William Hernandez,1,Premium,Jaipur,8,2025-06-21,1
U1622,Ashley Guerrero,0,Free,Kolkata,7,2025-06-21,1
U1623,Jose Russell,0,Free,Chennai,7,2025-06-21,1
U1624,Patrick Bradshaw,1,Premium,Jaipur,9,2025-06-21,1
U1625,Wesley Dorsey,1,Premium,Delhi,10,2025-06-21,1
U1626,Krystal Bird,0,Basic,Bangalore,10,2025-06-21,1
U1627,Steven Walls,1,Premium,Kolkata,2,2025-06-21,1
U1628,Tonya Bullock,1,Basic,Delhi,9,2025-06-21,1
U1629,Robin Martin,1,Free,Hyderabad,5,2025-06-21,1
U1630,Stacy Cruz,1,Premium,Chennai,5,2025-06-21,1
U1631,Michelle Gonzales,0,Basic,Jaipur,8,2025-06-21,1
U1632,Michelle Poole,1,Premium,Mumbai,1,2025-06-21,1
U1633,Sarah Leon,0,Free,Pune,9,2025-06-21,1
U1634,Dana White,1,Basic,Kolkata,7,2025-06-21,1
U1635,Michael Thomas,0,Free,Pune,9,2025-06-21,1
U1636,Sheila Lewis,0,Free,Delhi,3,2025-06-21,1
U1637,Kathleen Davis,0,Premium,Kolkata,6,2025-06-21,1
U1638,Tabitha White,1,Premium,Jaipur,0,2025-06-21,0
U1639,Nathan Maxwell,0,Premium,Bangalore,9,2025-06-21,1
U1640,Brandon Carroll,1,Premium,Kolkata,1,2025-06-21,1
U1641,Andrew Adams,0,Basic,Chennai,10,2025-06-21,1
U1642,Kevin Reyes,1,Premium,Jaipur,9,2025-06-21,1
U1643,Melanie Rodriguez,1,Basic,Delhi,0,2025-06-21,0
U1644,David Williams,1,Basic,Mumbai,6,2025-06-21,1
U1645,Amy Young,1,Premium,Chennai,9,2025-06-21,1
U1646,Kayla Hardy,0,Premium,Jaipur,3,2025-06-21,1
U1647,Dwayne Simpson,1,Premium,Hyderabad,5,2025-06-21,1
U1648,Danny Lopez,0,Premium,Jaipur,3,2025-06-21,1
U1649,James Torres,0,Premium,Pune,10,2025-06-21,1
U1650,Tammy Lewis,0,Premium,Hyderabad,9,2025-06-21,1
U1651,Laura Brown,0,Premium,Mumbai,9,2025-06-21,1
U1652,Mary Martin,0,Free,Jaipur,2,2025-06-21,1
U1653,Roger Pierce,1,Basic,Bangalore,4,2025-06-21,1
U1654,Jennifer Simon,1,Premium,Hyderabad,8,2025-06-21,1
U1655,Amanda Morris,1,Premium,Jaipur,0,2025-06-21,0
U1656,Frank Kramer,0,Premium,Bangalore,4,2025-06-21,1
U1657,Jennifer Chang,0,Premium,Kolkata,10,2025-06-21,1
U1658,Kimberly Martin,1,Premium,Pune,4,2025-06-21,1
U1659,Jody Meyer,1,Free,Jaipur,8,2025-06-21,1
U1660,Robert Aguirre,1,Premium,Kolkata,5,2025-06-21,1
U1661,Destiny Watkins,1,Premium,Jaipur,3,2025-06-21,1
U1662,Jacqueline Davis,0,Free,Chennai,6,2025-06-21,1
U1663,Cheyenne Peterson,1,Free,Chennai,7,2025-06-21,1
U1664,Lucas Dickerson,1,Premium,Hyderabad,6,2025-06-21,1
U1665,Tiffany Wilson,1,Basic,Jaipur,4,2025-06-21,1
U1666,Raymond Wright,1,Premium,Chennai,7,2025-06-21,1
U1667,Lisa Duncan,1,Free,Pune,6,2025-06-21,1
U1668,Allen Kirby,1,Basic,Bangalore,6,2025-06-21,1
U1669,Linda Ramirez,1,Free,Chennai,8,2025-06-21,1
U1670,Debbie Wells,0,Basic,Jaipur,5,2025-06-21,1
U1671,Barbara Garrison,1,Premium,Jaipur,2,2025-06-21,1
U1672,Chad Green,0,Free,Chennai,10,2025-06-21,1
U1673,Michelle Mathis,1,Free,Mumbai,5,2025-06-21,1
U1674,Jessica Drake,0,Free,Delhi,3,2025-06-21,1
U1675,Rachel Collins MD,0,Premium,Hyderabad,4,2025-06-21,1
U1676,Anthony Horne,0,Free,Pune,2,2025-06-21,1
U1677,Mr. Austin Charles,1,Premium,Jaipur,1,2025-06-21,1
U1678,Timothy Mendoza,0,Premium,Bangalore,1,2025-06-21,1
U1679,Amanda Stephens,0,Premium,Bangalore,10,2025-06-21,1
U1680,Paul Robinson,1,Premium,Jaipur,10,2025-06-21,1
U1681,Thomas Hernandez,1,Premium,Hyderabad,1,2025-06-21,1
U1682,Rhonda Arnold,1,Basic,Chennai,9,2025-06-21,1
U1683,Adam Taylor,0,Free,Hyderabad,9,2025-06-21,1
U1684,Chelsea Woods,0,Free,Pune,3,2025-06-21,1
U1685,Kevin Lee,0,Free,Pune,4,2025-06-21,1
U1686,Tammy Garcia,1,Free,Chennai,10,2025-06-21,1
U1687,Sharon Richardson,0,Free,Chennai,5,2025-06-21,1
U1688,Eduardo Fuller,0,Basic,Chennai,9,2025-06-21,1
U1689,Robert Brown,1,Premium,Jaipur,7,2025-06-21,1
U1690,Kerry Brooks,0,Premium,Jaipur,1,2025-06-21,1
U1691,Stephen Davis,1,Free,Mumbai,10,2025-06-21,1
U1692,Kevin Hernandez,1,Free,Jaipur,9,2025-06-21,1
U1693,Mark Hopkins,1,Premium,Bangalore,3,2025-06-21,1
U1694,Billy Jordan,0,Premium,Kolkata,10,2025-06-21,1
U1695,Sean Jones,1,Premium,Hyderabad,3,2025-06-21,1
U1696,Zachary Johnson,0,Premium,Pune,8,2025-06-21,1
U1697,Frank Trujillo,1,Premium,Kolkata,0,2025-06-21,0
U1698,James Stevenson,0,Basic,Mumbai,8,2025-06-21,1
U1699,James Greer,0,Free,Jaipur,5,2025-06-21,1
U1700,Derek Rice,1,Free,Delhi,1,2025-06-21,1
U1701,Craig Wright MD,1,Basic,Hyderabad,9,2025-06-21,1
U1702,Kimberly Wilkerson,1,Basic,Kolkata,0,2025-06-21,0
U1703,Brian Parsons,1,Premium,Delhi,8,2025-06-21,1
U1704,Sarah Brown,1,Premium,Kolkata,0,2025-06-21,0
U1705,Michael Dominguez DDS,0,Free,Mumbai,1,2025-06-21,1
U1706,Lauren Pham,1,Basic,Bangalore,0,2025-06-21,0
U1707,Kenneth Barrera,1,Premium,Chennai,9,2025-06-21,1
U1708,Edward Frey,0,Premium,Chennai,5,2025-06-21,1
U1709,Tyler Cline,1,Premium,Hyderabad,5,2025-06-21,1
U1710,Theresa Jones,0,Free,Jaipur,10,2025-06-21,1
U1711,Jennifer Simmons,0,Basic,Kolkata,7,2025-06-21,1
U1712,Dennis Harper,1,Premium,Jaipur,2,2025-06-21,1
U1713,Lauren Davis,0,Free,Mumbai,7,2025-06-21,1
U1714,Zachary Harper,1,Premium,Kolkata,0,2025-06-21,0
U1715,Mary Fritz,0,Premium,Mumbai,7,2025-06-21,1
U1716,Leah Lynch,0,Premium,Hyderabad,6,2025-06-21,1
U1717,Donna Burns,0,Free,Kolkata,8,2025-06-21,1
U1718,Christopher Thomas,1,Free,Hyderabad,1,2025-06-21,1
U1719,Amanda Perkins,1,Free,Jaipur,3,2025-06-21,1
U1720,Rhonda Benson,0,Basic,Bangalore,4,2025-06-21,1
U1721,Mark Garcia,1,Basic,Delhi,5,2025-06-21,1
U1722,Jessica Morris,1,Premium,Chennai,3,2025-06-21,1
U1723,Jennifer Moreno,0,Basic,Chennai,10,2025-06-21,1
U1724,Debra Freeman,0,Premium,Hyderabad,2,2025-06-21,1
U1725,Lisa Thomas,0,Free,Pune,7,2025-06-21,1
U1726,Colleen Rodgers,1,Premium,Mumbai,2,2025-06-21,1
U1727,Glenn Tyler,0,Free,Jaipur,8,2025-06-21,1
U1728,Christopher Mcneil,0,Basic,Pune,10,2025-06-21,1
U1729,Elizabeth Holden,0,Free,Pune,7,2025-06-21,1
U1730,James Ramos,1,Basic,Jaipur,1,2025-06-21,1
U1731,Michael Collins,1,Basic,Mumbai,10,2025-06-21,1
U1732,Jason Keller,0,Premium,Kolkata,9,2025-06-21,1
U1733,William Bush,0,Free,Pune,10,2025-06-21,1
U1734,Ashley Gonzales,0,Premium,Hyderabad,3,2025-06-21,1
U1735,Katherine Bell,0,Free,Chennai,3,2025-06-21,1
U1736,Stephanie Martin,1,Premium,Pune,7,2025-06-21,1
U1737,Robin Harris,1,Free,Hyderabad,10,2025-06-21,1
U1738,Justin Hughes,1,Basic,Bangalore,5,2025-06-21,1
U1739,Aaron Smith,1,Free,Mumbai,0,2025-06-21,0
U1740,Jon Hayes,0,Premium,Pune,10,2025-06-21,1
U1741,Kimberly Martin,0,Free,Hyderabad,0,2025-06-21,0
U1742,Randy Martinez,0,Free,Delhi,3,2025-06-21,1
U1743,John Delacruz,1,Premium,Delhi,7,2025-06-21,1
U1744,Samuel Jones,0,Premium,Delhi,10,2025-06-21,1
U1745,Carol Velasquez,1,Basic,Hyderabad,3,2025-06-21,1
U1746,Brandon Rodriguez IV,0,Free,Bangalore,9,2025-06-21,1
U1747,James Roberson,1,Free,Kolkata,6,2025-06-21,1
U1748,Jonathan Henry,1,Free,Chennai,0,2025-06-21,0
U1749,John Martinez,0,Premium,Hyderabad,2,2025-06-21,1
U1750,Angie Jenkins,1,Basic,Chennai,7,2025-06-21,1
U1751,Kristen Davis,0,Premium,Bangalore,1,2025-06-21,1
U1752,Corey Miller,1,Premium,Jaipur,9,2025-06-21,1
U1753,Anthony Stevenson,0,Basic,Pune,3,2025-06-21,1
U1754,Chase Simon,1,Premium,Pune,3,2025-06-21,1
U1755,Peter Brown,1,Free,Chennai,10,2025-06-21,1
U1756,Aimee Klein,1,Free,Jaipur,9,2025-06-21,1
U1757,Susan Murphy,0,Free,Chennai,2,2025-06-21,1
U1758,Tina Daniels,0,Basic,Delhi,3,2025-06-21,1
U1759,Zachary Richardson,1,Basic,Bangalore,0,2025-06-21,0
U1760,Daniel Rodriguez,1,Free,Chennai,1,2025-06-21,1
U1761,Adam Jones,0,Basic,Mumbai,7,2025-06-21,1
U1762,Hannah Curry,1,Basic,Mumbai,6,2025-06-21,1
U1763,Cheryl Yoder,0,Free,Chennai,9,2025-06-21,1
U1764,Robin Sullivan,1,Premium,Delhi,8,2025-06-21,1
U1765,Elizabeth Castillo,0,Free,Hyderabad,7,2025-06-21,1
U1766,Kenneth Williams,1,Free,Kolkata,10,2025-06-21,1
U1767,Mercedes Glover,1,Free,Hyderabad,3,2025-06-21,1
U1768,Wayne Huynh,0,Premium,Mumbai,4,2025-06-21,1
U1769,Karen Green MD,1,Free,Hyderabad,0,2025-06-21,0
U1770,Christopher Mays,1,Free,Kolkata,10,2025-06-21,1
U1771,John Martinez,1,Basic,Jaipur,7,2025-06-21,1
U1772,Elizabeth Downs,1,Basic,Chennai,1,2025-06-21,1
U1773,Brandon Fox,1,Premium,Jaipur,1,2025-06-21,1
U1774,Rebecca Blackwell,1,Free,Jaipur,2,2025-06-21,1
U1775,Amanda Jackson,1,Free,Kolkata,7,2025-06-21,1
U1776,Susan Ayers,1,Basic,Delhi,6,2025-06-21,1
U1777,Omar Valenzuela,0,Premium,Bangalore,2,2025-06-21,1
U1778,Michael Gonzalez,0,Basic,Pune,10,2025-06-21,1
U1779,Carrie Hale,1,Free,Hyderabad,9,2025-06-21,1
U1780,Gwendolyn Nguyen,1,Free,Pune,6,2025-06-21,1
U1781,Joanne Sanchez,0,Basic,Kolkata,7,2025-06-21,1
U1782,Monica Young,1,Basic,Jaipur,7,2025-06-21,1
U1783,Wendy Carter,1,Free,Kolkata,9,2025-06-21,1
U1784,Brandon Newton,0,Free,Jaipur,6,2025-06-21,1
U1785,Melissa Roberts,0,Premium,Delhi,8,2025-06-21,1
U1786,Laura Humphrey,0,Free,Delhi,5,2025-06-21,1
U1787,Miguel Shaw,0,Basic,Bangalore,7,2025-06-21,1
U1788,Donna Carey,0,Free,Bangalore,2,2025-06-21,1
U1789,Robert Gregory,0,Free,Jaipur,8,2025-06-21,1
U1790,Stacey Stuart,1,Free,Jaipur,3,2025-06-21,1
U1791,Victoria Parker,1,Free,Delhi,9,2025-06-21,1
U1792,Timothy Martinez,1,Free,Delhi,6,2025-06-21,1
U1793,Michael Robinson,1,Premium,Chennai,10,2025-06-21,1
U1794,Brett Carter,0,Premium,Pune,1,2025-06-21,1
U1795,Jason Frederick,0,Free,Mumbai,1,2025-06-21,1
U1796,Alex Jenkins,0,Free,Hyderabad,3,2025-06-21,1
U1797,Alexander Carroll,1,Basic,Chennai,10,2025-06-21,1
U1798,Travis Kirby,1,Free,Kolkata,2,2025-06-21,1
U1799,Alexandra Mcclure,1,Basic,Hyderabad,6,2025-06-21,1
U1800,Megan Smith,0,Basic,Mumbai,1,2025-06-21,1
U1801,Jack Adams,0,Free,Pune,7,2025-06-21,1
U1802,David Osborne,1,Basic,Jaipur,9,2025-06-21,1
U1803,Tammy Zavala,0,Premium,Delhi,10,2025-06-21,1
U1804,John Vargas,0,Free,Jaipur,3,2025-06-21,1
U1805,Jessica Caldwell,1,Premium,Kolkata,8,2025-06-21,1
U1806,Carol Wade,0,Premium,Delhi,9,2025-06-21,1
U1807,Jim Lee DDS,0,Free,Jaipur,1,2025-06-21,1
U1808,David Allen,1,Free,Mumbai,9,2025-06-21,1
U1809,Mackenzie Brown,1,Premium,Delhi,4,2025-06-21,1
U1810,Mark Morgan,0,Basic,Delhi,1,2025-06-21,1
U1811,Justin Munoz,0,Premium,Bangalore,1,2025-06-21,1
U1812,Kyle Adams,1,Free,Chennai,0,2025-06-21,0
U1813,Gerald Whitehead,0,Premium,Hyderabad,5,2025-06-21,1
U1814,Edward Crawford,1,Premium,Kolkata,6,2025-06-21,1
U1815,Laura Harvey,1,Premium,Bangalore,7,2025-06-21,1
U1816,Chad Maldonado,0,Premium,Kolkata,9,2025-06-21,1
U1817,Bailey Wells,0,Free,Pune,2,2025-06-21,1
U1818,Brian Jordan,0,Free,Kolkata,0,2025-06-21,0
U1819,Elizabeth Gonzales,1,Basic,Delhi,9,2025-06-21,1
U1820,Joshua Davis,1,Basic,Jaipur,0,2025-06-21,0
U1821,Brett Herrera,0,Basic,Pune,5,2025-06-21,1
U1822,Latoya Cole,1,Free,Pune,4,2025-06-21,1
U1823,Tamara Martin,0,Premium,Chennai,7,2025-06-21,1
U1824,Blake Warren,0,Premium,Mumbai,5,2025-06-21,1
U1825,Ashley Hernandez,0,Basic,Bangalore,9,2025-06-21,1
U1826,Ashley Long,1,Premium,Bangalore,2,2025-06-21,1
U1827,April Strickland,1,Basic,Kolkata,6,2025-06-21,1
U1828,Marcus Parks,0,Free,Delhi,0,2025-06-21,0
U1829,Jasmine Martinez,1,Basic,Kolkata,5,2025-06-21,1
U1830,Nina Norman,1,Free,Bangalore,10,2025-06-21,1
U1831,Brooke Wilson,0,Free,Pune,8,2025-06-21,1
U1832,Eric Martinez,1,Premium,Pune,0,2025-06-21,0
U1833,Tanya Price,0,Free,Mumbai,4,2025-06-21,1
U1834,Christopher David,1,Premium,Mumbai,8,2025-06-21,1
U1835,Matthew Lopez,1,Basic,Delhi,10,2025-06-21,1
U1836,Joshua Ponce,1,Basic,Pune,8,2025-06-21,1
U1837,Victoria Mccullough,0,Premium,Hyderabad,2,2025-06-21,1
U1838,Danielle Sullivan,0,Premium,Pune,4,2025-06-21,1
U1839,Jimmy Mcknight,0,Free,Chennai,4,2025-06-21,1
U1840,Amanda Rasmussen,1,Basic,Jaipur,7,2025-06-21,1
U1841,Christopher Freeman,0,Free,Bangalore,0,2025-06-21,0
U1842,Leslie Wall,1,Basic,Pune,1,2025-06-21,1
U1843,James Gilbert,1,Basic,Mumbai,5,2025-06-21,1
U1844,Nicole Shepherd,1,Basic,Hyderabad,2,2025-06-21,1
U1845,Harold Miller,1,Premium,Hyderabad,6,2025-06-21,1
U1846,Michael Carlson,1,Free,Bangalore,3,2025-06-21,1
U1847,Jessica Perez,1,Free,Pune,6,2025-06-21,1
U1848,Nicole Cook,1,Premium,Pune,10,2025-06-21,1
U1849,Alejandra Baker,1,Basic,Kolkata,4,2025-06-21,1
U1850,Shawn Davis,1,Premium,Bangalore,4,2025-06-21,1
U1851,Ronald Horton,1,Basic,Hyderabad,4,2025-06-21,1
U1852,Donna Benson,1,Basic,Bangalore,4,2025-06-21,1
U1853,Autumn Jensen,1,Basic,Chennai,4,2025-06-21,1
U1854,Amanda Leonard,1,Premium,Hyderabad,6,2025-06-21,1
U1855,Michael Cox,1,Basic,Chennai,2,2025-06-21,1
U1856,Michael Silva,1,Basic,Mumbai,2,2025-06-21,1
U1857,Dawn Escobar,0,Premium,Bangalore,8,2025-06-21,1
U1858,Ronald Wyatt,0,Premium,Jaipur,9,2025-06-21,1
U1859,Scott French,0,Basic,Chennai,0,2025-06-21,0
U1860,James Gutierrez,0,Basic,Jaipur,6,2025-06-21,1
U1861,Jennifer Henson,0,Premium,Chennai,8,2025-06-21,1
U1862,Jeffrey Lopez,0,Basic,Bangalore,10,2025-06-21,1
U1863,Jennifer Bates,1,Basic,Mumbai,8,2025-06-21,1
U1864,Linda Robinson,1,Premium,Jaipur,9,2025-06-21,1
U1865,Wendy Rosales,1,Premium,Pune,4,2025-06-21,1
U1866,Mark Stevens,0,Basic,Mumbai,3,2025-06-21,1
U1867,Stephen Goodwin,0,Free,Kolkata,7,2025-06-21,1
U1868,Megan Robinson,0,Premium,Delhi,9,2025-06-21,1
U1869,Emma Hamilton,1,Basic,Pune,6,2025-06-21,1
U1870,Jason Knight,0,Free,Mumbai,3,2025-06-21,1
U1871,Jennifer Smith,1,Free,Hyderabad,2,2025-06-21,1
U1872,Corey Li,1,Basic,Pune,8,2025-06-21,1
U1873,Matthew Medina,1,Premium,Bangalore,1,2025-06-21,1
U1874,Karen Levy,1,Free,Jaipur,4,2025-06-21,1
U1875,Kristen Cortez,0,Basic,Pune,2,2025-06-21,1
U1876,Pamela Mcdonald,0,Free,Bangalore,10,2025-06-21,1
U1877,Isaac Walker,1,Basic,Kolkata,3,2025-06-21,1
U1878,Tony Gomez,1,Free,Jaipur,4,2025-06-21,1
U1879,Patrick Stuart,1,Basic,Mumbai,10,2025-06-21,1
U1880,Nicholas Case,1,Premium,Jaipur,3,2025-06-21,1
U1881,Michael Clark,1,Free,Chennai,4,2025-06-21,1
U1882,Timothy Lane,0,Premium,Mumbai,6,2025-06-21,1
U1883,Stephanie Chang,0,Basic,Mumbai,7,2025-06-21,1
U1884,Christopher Cunningham,0,Premium,Hyderabad,3,2025-06-21,1
U1885,Melinda Nguyen,0,Premium,Bangalore,10,2025-06-21,1
U1886,Diane Griffin,1,Premium,Pune,2,2025-06-21,1
U1887,Colleen Ramsey,1,Free,Pune,4,2025-06-21,1
U1888,David Harrison,0,Free,Pune,7,2025-06-21,1
U1889,Ashley Mcclure,1,Free,Hyderabad,3,2025-06-21,1
U1890,Melissa Pearson,1,Premium,Pune,1,2025-06-21,1
U1891,Jessica Chavez,1,Free,Hyderabad,8,2025-06-21,1
U1892,Eric Smith,0,Basic,Mumbai,9,2025-06-21,1
U1893,Richard Bowen,0,Premium,Bangalore,6,2025-06-21,1
U1894,Tammy Mathis,1,Basic,Hyderabad,5,2025-06-21,1
U1895,Rebecca Diaz,1,Free,Chennai,10,2025-06-21,1
U1896,Diana Wells,1,Premium,Kolkata,2,2025-06-21,1
U1897,Jennifer Arnold,1,Premium,Pune,1,2025-06-21,1
U1898,David Bennett,0,Basic,Kolkata,5,2025-06-21,1
U1899,John Shelton,1,Premium,Bangalore,2,2025-06-21,1
U1900,James Richardson,1,Premium,Mumbai,6,2025-06-21,1
U1901,John Daniels,0,Basic,Mumbai,6,2025-06-21,1
U1902,Christopher Terrell,0,Basic,Mumbai,5,2025-06-21,1
U1903,Shannon Johnson,0,Basic,Bangalore,7,2025-06-21,1
U1904,Jacob Gilbert,1,Basic,Bangalore,10,2025-06-21,1
U1905,Tonya Berger,1,Basic,Bangalore,10,2025-06-21,1
U1906,Katherine Cooper,1,Premium,Bangalore,9,2025-06-21,1
U1907,Julian Elliott,0,Basic,Chennai,5,2025-06-21,1
U1908,Justin Brown,0,Free,Kolkata,9,2025-06-21,1
U1909,Danielle Escobar,1,Premium,Delhi,8,2025-06-21,1
U1910,Robin King,1,Free,Jaipur,7,2025-06-21,1
U1911,Samuel Donovan,0,Free,Pune,8,2025-06-21,1
U1912,Samantha Short DVM,1,Basic,Jaipur,3,2025-06-21,1
U1913,Corey Lara,1,Premium,Jaipur,6,2025-06-21,1
U1914,Glenn Stokes,1,Free,Mumbai,10,2025-06-21,1
U1915,Kenneth Farmer,0,Free,Chennai,2,2025-06-21,1
U1916,Matthew Bell,0,Basic,Hyderabad,6,2025-06-21,1
U1917,Melissa Johnson,1,Free,Jaipur,6,2025-06-21,1
U1918,Michael Sanchez,1,Premium,Mumbai,5,2025-06-21,1
U1919,Julie Adams,0,Basic,Kolkata,7,2025-06-21,1
U1920,Mr. Jeremiah Kelly,0,Premium,Jaipur,8,2025-06-21,1
U1921,Stacy Foster,0,Basic,Mumbai,6,2025-06-21,1
U1922,Todd Martinez,0,Basic,Delhi,9,2025-06-21,1
U1923,Megan Wright,1,Basic,Kolkata,0,2025-06-21,0
U1924,James Massey,0,Basic,Mumbai,3,2025-06-21,1
U1925,Robert Martinez,0,Free,Kolkata,3,2025-06-21,1
U1926,Jon Ryan,1,Free,Bangalore,5,2025-06-21,1
U1927,Teresa Scott,0,Free,Delhi,0,2025-06-21,0
U1928,Andrew Williams DDS,1,Premium,Chennai,2,2025-06-21,1
U1929,Susan Alvarado,0,Basic,Chennai,7,2025-06-21,1
U1930,Meghan Leonard,1,Premium,Chennai,2,2025-06-21,1
U1931,Craig Ritter,0,Free,Pune,0,2025-06-21,0
U1932,Mark Wells,0,Basic,Bangalore,1,2025-06-21,1
U1933,Joseph King,0,Free,Bangalore,7,2025-06-21,1
U1934,Colleen Bowman,1,Free,Pune,2,2025-06-21,1
U1935,Ana Santana,1,Free,Chennai,10,2025-06-21,1
U1936,Christy Salazar,1,Basic,Jaipur,7,2025-06-21,1
U1937,Taylor Adams,0,Premium,Mumbai,4,2025-06-21,1
U1938,Brian Watts,1,Premium,Chennai,8,2025-06-21,1
U1939,Teresa Gardner,1,Basic,Jaipur,3,2025-06-21,1
U1940,Destiny Castro,1,Premium,Delhi,3,2025-06-21,1
U1941,Christopher Powell,0,Premium,Jaipur,6,2025-06-21,1
U1942,Donna Carter,1,Free,Pune,6,2025-06-21,1
U1943,Michael Lopez,0,Basic,Hyderabad,8,2025-06-21,1
U1944,Lisa Scott,1,Basic,Kolkata,0,2025-06-21,0
U1945,Mallory Duran,1,Basic,Bangalore,5,2025-06-21,1
U1946,Courtney Mccoy,1,Basic,Delhi,3,2025-06-21,1
U1947,Amanda Patterson,0,Free,Jaipur,0,2025-06-21,0
U1948,Stephen Gonzalez,0,Free,Bangalore,3,2025-06-21,1
U1949,Michael Martin,1,Basic,Delhi,8,2025-06-21,1
U1950,Troy Allen,1,Free,Bangalore,10,2025-06-21,1
U1951,Andrew Kelly,1,Free,Chennai,9,2025-06-21,1
U1952,Rachel Lee,0,Premium,Kolkata,6,2025-06-21,1
U1953,Mark Shields,1,Free,Kolkata,4,2025-06-21,1
U1954,Larry Baker,0,Free,Pune,8,2025-06-21,1
U1955,Jay Smith,1,Premium,Hyderabad,7,2025-06-21,1
U1956,Rebecca Anderson,1,Premium,Mumbai,5,2025-06-21,1
U1957,Calvin Patterson,0,Free,Hyderabad,9,2025-06-21,1
U1958,Jeffrey Kline,1,Free,Bangalore,3,2025-06-21,1
U1959,Monica Brown,0,Premium,Jaipur,8,2025-06-21,1
U1960,Rebecca Hunt,0,Free,Kolkata,8,2025-06-21,1
U1961,Kevin Paul,0,Basic,Bangalore,0,2025-06-21,0
U1962,Corey Harris,1,Free,Hyderabad,1,2025-06-21,1
U1963,Lauren Roman,1,Free,Mumbai,5,2025-06-21,1
U1964,Lori Taylor,0,Basic,Kolkata,1,2025-06-21,1
U1965,Rhonda Martin,1,Free,Pune,4,2025-06-21,1
U1966,Paul Brown,0,Premium,Bangalore,9,2025-06-21,1
U1967,James Porter,0,Premium,Delhi,4,2025-06-21,1
U1968,Stanley Jones,0,Basic,Kolkata,7,2025-06-21,1
U1969,Kristen Thomas,0,Premium,Bangalore,4,2025-06-21,1
U1970,Brenda Clark,1,Premium,Jaipur,7,2025-06-21,1
U1971,Sharon Lara,0,Free,Mumbai,9,2025-06-21,1
U1972,Mary Martinez,0,Free,Pune,10,2025-06-21,1
U1973,Christina Ruiz,1,Basic,Kolkata,5,2025-06-21,1
U1974,Regina Dean,0,Free,Chennai,9,2025-06-21,1
U1975,Mark Gray,0,Free,Chennai,7,2025-06-21,1
U1976,Michael Smith,0,Premium,Chennai,2,2025-06-21,1
U1977,Kenneth Lee,0,Premium,Hyderabad,5,2025-06-21,1
U1978,Jessica Cook,1,Basic,Delhi,8,2025-06-21,1
U1979,Gregory Hall,0,Basic,Pune,5,2025-06-21,1
U1980,Jimmy Jefferson,0,Free,Jaipur,8,2025-06-21,1
U1981,Amy Stevenson,0,Premium,Delhi,1,2025-06-21,1
U1982,Lee Stone,1,Basic,Bangalore,9,2025-06-21,1
U1983,Kathleen Bush,1,Premium,Pune,2,2025-06-21,1
U1984,Shawn Li,1,Premium,Bangalore,3,2025-06-21,1
U1985,Daniel Hall,1,Free,Delhi,1,2025-06-21,1
U1986,Daniel Rios,0,Free,Chennai,3,2025-06-21,1
U1987,Allison Shepherd,0,Free,Delhi,4,2025-06-21,1
U1988,Jim Griffin,1,Premium,Chennai,5,2025-06-21,1
U1989,Tonya Nguyen,1,Basic,Pune,8,2025-06-21,1
U1990,Caitlin Hill,0,Premium,Bangalore,0,2025-06-21,0
U1991,Mark Moore,1,Free,Chennai,1,2025-06-21,1
U1992,Tina Alvarado,0,Premium,Hyderabad,3,2025-06-21,1
U1993,David Joyce,0,Premium,Kolkata,7,2025-06-21,1
U1994,Michael Collins,1,Premium,Mumbai,8,2025-06-21,1
U1995,John Rodriguez,1,Premium,Pune,5,2025-06-21,1
U1996,David Hamilton,0,Free,Hyderabad,1,2025-06-21,1
U1997,Cheryl Swanson,0,Basic,Mumbai,4,2025-06-21,1
U1998,Justin Sutton,1,Premium,Delhi,8,2025-06-21,1
U1999,Sarah Case,1,Premium,Bangalore,1,2025-06-21,1
